Campaign,Campaign Type,Networks,Budget,Budget type,Bid Strategy Type,Campaign Status,EU political ads,Languages,Location,Ad Group,Ad Group Status,Keyword,Criterion Type,Ad type,Final URL,Path 1,Path 2,Headline 1,Headline 2,Headline 3,Headline 4,Headline 5,Headline 6,Headline 7,Headline 8,Headline 9,Headline 10,Headline 11,Headline 12,Headline 13,Headline 14,Headline 15,Description 1,Description 2,Description 3,Description 4,Status
Signee Search AU,Search,Google search,40.00,Daily,Maximize conversions,Paused,Doesn't have EU political ads,en,,,,,,,,,,,,,,,,,,,,,,,,,,,,,
Signee Search AU,,,,,,,,,Australia,,,,,,,,,,,,,,,,,,,,,,,,,,,,
Signee Search AU,,,,,,,,,,,,sign writer,Negative Phrase,,,,,,,,,,,,,,,,,,,,,,,,
Signee Search AU,,,,,,,,,,,,signwriting services,Negative Phrase,,,,,,,,,,,,,,,,,,,,,,,,
Signee Search AU,,,,,,,,,,,,sign installation,Negative Phrase,,,,,,,,,,,,,,,,,,,,,,,,
Signee Search AU,,,,,,,,,,,,sign installer near me,Negative Phrase,,,,,,,,,,,,,,,,,,,,,,,,
Signee Search AU,,,,,,,,,,,,commercial signage company,Negative Phrase,,,,,,,,,,,,,,,,,,,,,,,,
Signee Search AU,,,,,,,,,,,,vehicle wraps,Negative Phrase,,,,,,,,,,,,,,,,,,,,,,,,
Signee Search AU,,,,,,,,,,,,vehicle signage,Negative Phrase,,,,,,,,,,,,,,,,,,,,,,,,
Signee Search AU,,,,,,,,,,,,council signage,Negative Phrase,,,,,,,,,,,,,,,,,,,,,,,,
Signee Search AU,,,,,,,,,,,,regulatory signage,Negative Phrase,,,,,,,,,,,,,,,,,,,,,,,,
Signee Search AU,,,,,,,,,,,,safety signage,Negative Phrase,,,,,,,,,,,,,,,,,,,,,,,,
Signee Search AU,,,,,,,,,,,,sign maker near me,Negative Phrase,,,,,,,,,,,,,,,,,,,,,,,,
Signee Search AU,,,,,,,,,,,,custom neon sign installer,Negative Phrase,,,,,,,,,,,,,,,,,,,,,,,,
Signee Search AU,,,,,,,,,,,,how to make a sign,Negative Phrase,,,,,,,,,,,,,,,,,,,,,,,,
Signee Search AU,,,,,,,,,,,,diy sign,Negative Phrase,,,,,,,,,,,,,,,,,,,,,,,,
Signee Search AU,,,,,,,,,,,,free sign template,Negative Phrase,,,,,,,,,,,,,,,,,,,,,,,,
Signee Search AU,,,,,,,,,,,,sign clipart,Negative Phrase,,,,,,,,,,,,,,,,,,,,,,,,
Signee Search AU,,,,,,,,,,,,sign stencil,Negative Phrase,,,,,,,,,,,,,,,,,,,,,,,,
Signee Search AU,,,,,,,,,,,,print your own sign,Negative Phrase,,,,,,,,,,,,,,,,,,,,,,,,
Signee Search AU,,,,,,,,,,,,sign design software,Negative Phrase,,,,,,,,,,,,,,,,,,,,,,,,
Signee Search AU,,,,,,,,,,,,sign making jobs,Negative Phrase,,,,,,,,,,,,,,,,,,,,,,,,
Signee Search AU,,,,,,,,,,,,sign painter salary,Negative Phrase,,,,,,,,,,,,,,,,,,,,,,,,
Signee Search AU,,,,,,,,,,,,signage company careers,Negative Phrase,,,,,,,,,,,,,,,,,,,,,,,,
Signee Search AU,,,,,,,,,,,,for sale sign,Negative Phrase,,,,,,,,,,,,,,,,,,,,,,,,
Signee Search AU,,,,,,,,,,,,real estate sign,Negative Phrase,,,,,,,,,,,,,,,,,,,,,,,,
Signee Search AU,,,,,,,,,,,,political sign,Negative Phrase,,,,,,,,,,,,,,,,,,,,,,,,
Signee Search AU,,,,,,,,,,,,yard sale sign,Negative Phrase,,,,,,,,,,,,,,,,,,,,,,,,
Signee Search AU,,,,,,,,,,,,parking sign,Negative Phrase,,,,,,,,,,,,,,,,,,,,,,,,
Signee Search AU,,,,,,,,,,,,road sign,Negative Phrase,,,,,,,,,,,,,,,,,,,,,,,,
Signee Search AU,,,,,,,,,,,,traffic sign,Negative Phrase,,,,,,,,,,,,,,,,,,,,,,,,
Signee Search AU,,,,,,,,,,,,license plate sign,Negative Phrase,,,,,,,,,,,,,,,,,,,,,,,,
Signee Search AU,,,,,,,,,,,,name plate engraving,Negative Phrase,,,,,,,,,,,,,,,,,,,,,,,,
Signee Search AU,,,,,,,,,,,,sign meaning,Negative Phrase,,,,,,,,,,,,,,,,,,,,,,,,
Signee Search AU,,,,,,,,,,,,sign language,Negative Phrase,,,,,,,,,,,,,,,,,,,,,,,,
Signee Search AU,,,,,,,,,,,,astrology sign,Negative Phrase,,,,,,,,,,,,,,,,,,,,,,,,
Signee Search AU,,,,,,,,,,,,zodiac sign,Negative Phrase,,,,,,,,,,,,,,,,,,,,,,,,
Signee Search AU,,,,,,,,,,,,sign in,Negative Phrase,,,,,,,,,,,,,,,,,,,,,,,,
Signee Search AU,,,,,,,,,,,,sign up,Negative Phrase,,,,,,,,,,,,,,,,,,,,,,,,
Signee Search AU,,,,,,,,,,,,george and willy,Negative Phrase,,,,,,,,,,,,,,,,,,,,,,,,
Signee Search AU,,,,,,,,,,,,piece of sign,Negative Phrase,,,,,,,,,,,,,,,,,,,,,,,,
Signee Search AU,,,,,,,,,,A-Frame & Sidewalk Signs,Enabled,,,,,,,,,,,,,,,,,,,,,,,,,,
Signee Search AU,,,,,,,,,,A-Frame & Sidewalk Signs,,a frame sign,Phrase,,,,,,,,,,,,,,,,,,,,,,,,
Signee Search AU,,,,,,,,,,A-Frame & Sidewalk Signs,,a frame sign,Exact,,,,,,,,,,,,,,,,,,,,,,,,
Signee Search AU,,,,,,,,,,A-Frame & Sidewalk Signs,,sandwich board sign,Phrase,,,,,,,,,,,,,,,,,,,,,,,,
Signee Search AU,,,,,,,,,,A-Frame & Sidewalk Signs,,sandwich board sign,Exact,,,,,,,,,,,,,,,,,,,,,,,,
Signee Search AU,,,,,,,,,,A-Frame & Sidewalk Signs,,sidewalk sign,Phrase,,,,,,,,,,,,,,,,,,,,,,,,
Signee Search AU,,,,,,,,,,A-Frame & Sidewalk Signs,,sidewalk sign,Exact,,,,,,,,,,,,,,,,,,,,,,,,
Signee Search AU,,,,,,,,,,A-Frame & Sidewalk Signs,,footpath sign,Phrase,,,,,,,,,,,,,,,,,,,,,,,,
Signee Search AU,,,,,,,,,,A-Frame & Sidewalk Signs,,footpath sign,Exact,,,,,,,,,,,,,,,,,,,,,,,,
Signee Search AU,,,,,,,,,,A-Frame & Sidewalk Signs,,a frame sign for business,Phrase,,,,,,,,,,,,,,,,,,,,,,,,
Signee Search AU,,,,,,,,,,A-Frame & Sidewalk Signs,,a frame sign for business,Exact,,,,,,,,,,,,,,,,,,,,,,,,
Signee Search AU,,,,,,,,,,A-Frame & Sidewalk Signs,,aluminium a frame sign,Phrase,,,,,,,,,,,,,,,,,,,,,,,,
Signee Search AU,,,,,,,,,,A-Frame & Sidewalk Signs,,aluminium a frame sign,Exact,,,,,,,,,,,,,,,,,,,,,,,,
Signee Search AU,,,,,,,,,,A-Frame & Sidewalk Signs,,outdoor a frame sign,Phrase,,,,,,,,,,,,,,,,,,,,,,,,
Signee Search AU,,,,,,,,,,A-Frame & Sidewalk Signs,,outdoor a frame sign,Exact,,,,,,,,,,,,,,,,,,,,,,,,
Signee Search AU,,,,,,,,,,A-Frame & Sidewalk Signs,,,,Responsive search ad,https://signeesigns.com.au/collections/a-frame-signs,a-frame-signs,,A-Frame Signs From $259,Walter A-Frame From $449,Winnie Acrylic A-Frame $319,Footpath Signs for Business,"Swap the Vinyl, Keep the Frame",Signee Business Signs,Powdercoated Aluminium Signs,Add Your Logo at Checkout,Order Blank or With Artwork,Free Shipping Australia-Wide,,,,,,"Walter: full aluminium A-frame, black or white. Add vinyl graphics at checkout.",Winnie: vivid coloured acrylic A-frame in five colours. Double-sided panels.,"Order blank, or add your logo at checkout and we apply it in vinyl before it ships.",Powdercoated aluminium built to hold up outdoors. Shop the full Signee range online.,Enabled
Signee Search AU,,,,,,,,,,Wall & Hanging Signs,Enabled,,,,,,,,,,,,,,,,,,,,,,,,,,
Signee Search AU,,,,,,,,,,Wall & Hanging Signs,,blade sign,Phrase,,,,,,,,,,,,,,,,,,,,,,,,
Signee Search AU,,,,,,,,,,Wall & Hanging Signs,,blade sign,Exact,,,,,,,,,,,,,,,,,,,,,,,,
Signee Search AU,,,,,,,,,,Wall & Hanging Signs,,hanging shop sign,Phrase,,,,,,,,,,,,,,,,,,,,,,,,
Signee Search AU,,,,,,,,,,Wall & Hanging Signs,,hanging shop sign,Exact,,,,,,,,,,,,,,,,,,,,,,,,
Signee Search AU,,,,,,,,,,Wall & Hanging Signs,,projecting wall sign,Phrase,,,,,,,,,,,,,,,,,,,,,,,,
Signee Search AU,,,,,,,,,,Wall & Hanging Signs,,projecting wall sign,Exact,,,,,,,,,,,,,,,,,,,,,,,,
Signee Search AU,,,,,,,,,,Wall & Hanging Signs,,business wall sign,Phrase,,,,,,,,,,,,,,,,,,,,,,,,
Signee Search AU,,,,,,,,,,Wall & Hanging Signs,,business wall sign,Exact,,,,,,,,,,,,,,,,,,,,,,,,
Signee Search AU,,,,,,,,,,Wall & Hanging Signs,,round blade sign,Phrase,,,,,,,,,,,,,,,,,,,,,,,,
Signee Search AU,,,,,,,,,,Wall & Hanging Signs,,round blade sign,Exact,,,,,,,,,,,,,,,,,,,,,,,,
Signee Search AU,,,,,,,,,,Wall & Hanging Signs,,square blade sign,Phrase,,,,,,,,,,,,,,,,,,,,,,,,
Signee Search AU,,,,,,,,,,Wall & Hanging Signs,,square blade sign,Exact,,,,,,,,,,,,,,,,,,,,,,,,
Signee Search AU,,,,,,,,,,Wall & Hanging Signs,,wall mounted business sign,Phrase,,,,,,,,,,,,,,,,,,,,,,,,
Signee Search AU,,,,,,,,,,Wall & Hanging Signs,,wall mounted business sign,Exact,,,,,,,,,,,,,,,,,,,,,,,,
Signee Search AU,,,,,,,,,,Wall & Hanging Signs,,shop sign,Phrase,,,,,,,,,,,,,,,,,,,,,,,,
Signee Search AU,,,,,,,,,,Wall & Hanging Signs,,shop sign,Exact,,,,,,,,,,,,,,,,,,,,,,,,
Signee Search AU,,,,,,,,,,Wall & Hanging Signs,,,,Responsive search ad,https://signeesigns.com.au/collections/blade-signs,blade-signs,,Blade Signs From $159,Round & Square Blade Signs,Wall-Bracket Mounted Signs,Flossy Round Blade Sign $229,Theodore Square Blade $229,Signee Business Signs,Powdercoated Aluminium Signs,Add Your Logo at Checkout,Order Blank or With Artwork,Free Shipping Australia-Wide,,,,,,Round or square blade signs in black or white. Sizes from 200mm to 500mm.,Finished to hold up in Australian sun and rain. Arrives ready to go up.,"Order blank, or add your logo at checkout and we apply it in vinyl before it ships.",Powdercoated aluminium built to hold up outdoors. Shop the full Signee range online.,Enabled
Signee Search AU,,,,,,,,,,Illuminated Signs,Enabled,,,,,,,,,,,,,,,,,,,,,,,,,,
Signee Search AU,,,,,,,,,,Illuminated Signs,,illuminated sign,Phrase,,,,,,,,,,,,,,,,,,,,,,,,
Signee Search AU,,,,,,,,,,Illuminated Signs,,illuminated sign,Exact,,,,,,,,,,,,,,,,,,,,,,,,
Signee Search AU,,,,,,,,,,Illuminated Signs,,light up business sign,Phrase,,,,,,,,,,,,,,,,,,,,,,,,
Signee Search AU,,,,,,,,,,Illuminated Signs,,light up business sign,Exact,,,,,,,,,,,,,,,,,,,,,,,,
Signee Search AU,,,,,,,,,,Illuminated Signs,,lightbox sign,Phrase,,,,,,,,,,,,,,,,,,,,,,,,
Signee Search AU,,,,,,,,,,Illuminated Signs,,lightbox sign,Exact,,,,,,,,,,,,,,,,,,,,,,,,
Signee Search AU,,,,,,,,,,Illuminated Signs,,led lightbox sign,Phrase,,,,,,,,,,,,,,,,,,,,,,,,
Signee Search AU,,,,,,,,,,Illuminated Signs,,led lightbox sign,Exact,,,,,,,,,,,,,,,,,,,,,,,,
Signee Search AU,,,,,,,,,,Illuminated Signs,,backlit sign,Phrase,,,,,,,,,,,,,,,,,,,,,,,,
Signee Search AU,,,,,,,,,,Illuminated Signs,,backlit sign,Exact,,,,,,,,,,,,,,,,,,,,,,,,
Signee Search AU,,,,,,,,,,Illuminated Signs,,illuminated business sign,Phrase,,,,,,,,,,,,,,,,,,,,,,,,
Signee Search AU,,,,,,,,,,Illuminated Signs,,illuminated business sign,Exact,,,,,,,,,,,,,,,,,,,,,,,,
Signee Search AU,,,,,,,,,,Illuminated Signs,,,,Responsive search ad,https://signeesigns.com.au/collections/illuminated-signs,illuminated,,Illuminated Sign From $329,Lottie Illuminated Lightbox,"4500K LED, Even Lighting","Plug-In Power, No Electrician",Light Up Your Business Sign,Signee Business Signs,Powdercoated Aluminium Signs,Add Your Logo at Checkout,Order Blank or With Artwork,Free Shipping Australia-Wide,,,,,,"Lottie: 3mm opal acrylic face, aluminium frame and a 4500K LED panel.",Five-sided illumination with no hot spots. Keyhole bracket wall mounting.,"Order blank, or add your logo at checkout and we apply it in vinyl before it ships.",Powdercoated aluminium built to hold up outdoors. Shop the full Signee range online.,Enabled
Signee Search AU,,,,,,,,,,Cafe & Restaurant Signage,Enabled,,,,,,,,,,,,,,,,,,,,,,,,,,
Signee Search AU,,,,,,,,,,Cafe & Restaurant Signage,,cafe signage,Phrase,,,,,,,,,,,,,,,,,,,,,,,,
Signee Search AU,,,,,,,,,,Cafe & Restaurant Signage,,cafe signage,Exact,,,,,,,,,,,,,,,,,,,,,,,,
Signee Search AU,,,,,,,,,,Cafe & Restaurant Signage,,cafe sign,Phrase,,,,,,,,,,,,,,,,,,,,,,,,
Signee Search AU,,,,,,,,,,Cafe & Restaurant Signage,,cafe sign,Exact,,,,,,,,,,,,,,,,,,,,,,,,
Signee Search AU,,,,,,,,,,Cafe & Restaurant Signage,,coffee shop sign,Phrase,,,,,,,,,,,,,,,,,,,,,,,,
Signee Search AU,,,,,,,,,,Cafe & Restaurant Signage,,coffee shop sign,Exact,,,,,,,,,,,,,,,,,,,,,,,,
Signee Search AU,,,,,,,,,,Cafe & Restaurant Signage,,restaurant signage,Phrase,,,,,,,,,,,,,,,,,,,,,,,,
Signee Search AU,,,,,,,,,,Cafe & Restaurant Signage,,restaurant signage,Exact,,,,,,,,,,,,,,,,,,,,,,,,
Signee Search AU,,,,,,,,,,Cafe & Restaurant Signage,,restaurant sign,Phrase,,,,,,,,,,,,,,,,,,,,,,,,
Signee Search AU,,,,,,,,,,Cafe & Restaurant Signage,,restaurant sign,Exact,,,,,,,,,,,,,,,,,,,,,,,,
Signee Search AU,,,,,,,,,,Cafe & Restaurant Signage,,bar signage,Phrase,,,,,,,,,,,,,,,,,,,,,,,,
Signee Search AU,,,,,,,,,,Cafe & Restaurant Signage,,bar signage,Exact,,,,,,,,,,,,,,,,,,,,,,,,
Signee Search AU,,,,,,,,,,Cafe & Restaurant Signage,,cafe a frame sign,Phrase,,,,,,,,,,,,,,,,,,,,,,,,
Signee Search AU,,,,,,,,,,Cafe & Restaurant Signage,,cafe a frame sign,Exact,,,,,,,,,,,,,,,,,,,,,,,,
Signee Search AU,,,,,,,,,,Cafe & Restaurant Signage,,,,Responsive search ad,https://signeesigns.com.au/collections/cafe-coffee-shop-signage,cafe-signage,,Cafe & Restaurant Signs,Signs for Cafes & Coffee Shops,Signs for Restaurants & Bars,Open/Closed Sign From $119,"A-Frames, Blade & Pole Signs",Signee Business Signs,Powdercoated Aluminium Signs,Add Your Logo at Checkout,Order Blank or With Artwork,Free Shipping Australia-Wide,,,,,,"Footpath A-frames, wall blade signs and counter signs made for hospitality venues.","Shop the range online, with your logo applied in vinyl if you want it.","Order blank, or add your logo at checkout and we apply it in vinyl before it ships.",Powdercoated aluminium built to hold up outdoors. Shop the full Signee range online.,Enabled
Signee Search AU,,,,,,,,,,Retail & Salon Signage,Enabled,,,,,,,,,,,,,,,,,,,,,,,,,,
Signee Search AU,,,,,,,,,,Retail & Salon Signage,,shop signage,Phrase,,,,,,,,,,,,,,,,,,,,,,,,
Signee Search AU,,,,,,,,,,Retail & Salon Signage,,shop signage,Exact,,,,,,,,,,,,,,,,,,,,,,,,
Signee Search AU,,,,,,,,,,Retail & Salon Signage,,retail store signage,Phrase,,,,,,,,,,,,,,,,,,,,,,,,
Signee Search AU,,,,,,,,,,Retail & Salon Signage,,retail store signage,Exact,,,,,,,,,,,,,,,,,,,,,,,,
Signee Search AU,,,,,,,,,,Retail & Salon Signage,,retail shop sign,Phrase,,,,,,,,,,,,,,,,,,,,,,,,
Signee Search AU,,,,,,,,,,Retail & Salon Signage,,retail shop sign,Exact,,,,,,,,,,,,,,,,,,,,,,,,
Signee Search AU,,,,,,,,,,Retail & Salon Signage,,salon sign,Phrase,,,,,,,,,,,,,,,,,,,,,,,,
Signee Search AU,,,,,,,,,,Retail & Salon Signage,,salon sign,Exact,,,,,,,,,,,,,,,,,,,,,,,,
Signee Search AU,,,,,,,,,,Retail & Salon Signage,,salon signage,Phrase,,,,,,,,,,,,,,,,,,,,,,,,
Signee Search AU,,,,,,,,,,Retail & Salon Signage,,salon signage,Exact,,,,,,,,,,,,,,,,,,,,,,,,
Signee Search AU,,,,,,,,,,Retail & Salon Signage,,studio signage,Phrase,,,,,,,,,,,,,,,,,,,,,,,,
Signee Search AU,,,,,,,,,,Retail & Salon Signage,,studio signage,Exact,,,,,,,,,,,,,,,,,,,,,,,,
Signee Search AU,,,,,,,,,,Retail & Salon Signage,,boutique shop sign,Phrase,,,,,,,,,,,,,,,,,,,,,,,,
Signee Search AU,,,,,,,,,,Retail & Salon Signage,,boutique shop sign,Exact,,,,,,,,,,,,,,,,,,,,,,,,
Signee Search AU,,,,,,,,,,Retail & Salon Signage,,,,Responsive search ad,https://signeesigns.com.au/collections/retail-store-signage,retail-signage,,Shop & Retail Signage,Salon & Studio Signs,Signs for Shopfronts,Blade Signs From $159,Door Signs From $159,Signee Business Signs,Powdercoated Aluminium Signs,Add Your Logo at Checkout,Order Blank or With Artwork,Free Shipping Australia-Wide,,,,,,"Blade signs, A-frames and door signs for shopfronts, salons and studios.",Order blank or add your logo at checkout. Shop the full range online.,"Order blank, or add your logo at checkout and we apply it in vinyl before it ships.",Powdercoated aluminium built to hold up outdoors. Shop the full Signee range online.,Enabled
Signee Search AU,,,,,,,,,,Hotel & Accommodation Signage,Enabled,,,,,,,,,,,,,,,,,,,,,,,,,,
Signee Search AU,,,,,,,,,,Hotel & Accommodation Signage,,hotel signage,Phrase,,,,,,,,,,,,,,,,,,,,,,,,
Signee Search AU,,,,,,,,,,Hotel & Accommodation Signage,,hotel signage,Exact,,,,,,,,,,,,,,,,,,,,,,,,
Signee Search AU,,,,,,,,,,Hotel & Accommodation Signage,,accommodation signage,Phrase,,,,,,,,,,,,,,,,,,,,,,,,
Signee Search AU,,,,,,,,,,Hotel & Accommodation Signage,,accommodation signage,Exact,,,,,,,,,,,,,,,,,,,,,,,,
Signee Search AU,,,,,,,,,,Hotel & Accommodation Signage,,hotel lobby sign,Phrase,,,,,,,,,,,,,,,,,,,,,,,,
Signee Search AU,,,,,,,,,,Hotel & Accommodation Signage,,hotel lobby sign,Exact,,,,,,,,,,,,,,,,,,,,,,,,
Signee Search AU,,,,,,,,,,Hotel & Accommodation Signage,,boutique hotel sign,Phrase,,,,,,,,,,,,,,,,,,,,,,,,
Signee Search AU,,,,,,,,,,Hotel & Accommodation Signage,,boutique hotel sign,Exact,,,,,,,,,,,,,,,,,,,,,,,,
Signee Search AU,,,,,,,,,,Hotel & Accommodation Signage,,hotel sign,Phrase,,,,,,,,,,,,,,,,,,,,,,,,
Signee Search AU,,,,,,,,,,Hotel & Accommodation Signage,,hotel sign,Exact,,,,,,,,,,,,,,,,,,,,,,,,
Signee Search AU,,,,,,,,,,Hotel & Accommodation Signage,,,,Responsive search ad,https://signeesigns.com.au/collections/hotel-accommodation-signage,hotel-signage,,Hotel & Accommodation Signs,Signs for Boutique Hotels,Hotel Lobby Signage,Mabel Indoor A-Frame $259,Walter A-Frame From $449,Signee Business Signs,Powdercoated Aluminium Signs,Add Your Logo at Checkout,Order Blank or With Artwork,Free Shipping Australia-Wide,,,,,,"Refined indoor and outdoor signs for hotel lobbies, entrances and footpaths.","Slim indoor A-frames, freestanding pole signs and premium aluminium A-frames.","Order blank, or add your logo at checkout and we apply it in vinyl before it ships.",Powdercoated aluminium built to hold up outdoors. Shop the full Signee range online.,Enabled
Signee Search AU,,,,,,,,,,General Business Signage,Enabled,,,,,,,,,,,,,,,,,,,,,,,,,,
Signee Search AU,,,,,,,,,,General Business Signage,,business signage,Phrase,,,,,,,,,,,,,,,,,,,,,,,,
Signee Search AU,,,,,,,,,,General Business Signage,,business signage,Exact,,,,,,,,,,,,,,,,,,,,,,,,
Signee Search AU,,,,,,,,,,General Business Signage,,outdoor business sign,Phrase,,,,,,,,,,,,,,,,,,,,,,,,
Signee Search AU,,,,,,,,,,General Business Signage,,outdoor business sign,Exact,,,,,,,,,,,,,,,,,,,,,,,,
Signee Search AU,,,,,,,,,,General Business Signage,,small business signage,Phrase,,,,,,,,,,,,,,,,,,,,,,,,
Signee Search AU,,,,,,,,,,General Business Signage,,small business signage,Exact,,,,,,,,,,,,,,,,,,,,,,,,
Signee Search AU,,,,,,,,,,General Business Signage,,indoor signage,Phrase,,,,,,,,,,,,,,,,,,,,,,,,
Signee Search AU,,,,,,,,,,General Business Signage,,indoor signage,Exact,,,,,,,,,,,,,,,,,,,,,,,,
Signee Search AU,,,,,,,,,,General Business Signage,,custom shop sign,Phrase,,,,,,,,,,,,,,,,,,,,,,,,
Signee Search AU,,,,,,,,,,General Business Signage,,custom shop sign,Exact,,,,,,,,,,,,,,,,,,,,,,,,
Signee Search AU,,,,,,,,,,General Business Signage,,custom business sign,Phrase,,,,,,,,,,,,,,,,,,,,,,,,
Signee Search AU,,,,,,,,,,General Business Signage,,custom business sign,Exact,,,,,,,,,,,,,,,,,,,,,,,,
Signee Search AU,,,,,,,,,,General Business Signage,,,,Responsive search ad,https://signeesigns.com.au/,business-signs,,Business Signs From $119,Signs for Small Business,Shop the Signee Range,"10 Signs, Black or White",Outdoor & Indoor Signage,Signee Business Signs,Powdercoated Aluminium Signs,Add Your Logo at Checkout,Order Blank or With Artwork,Free Shipping Australia-Wide,,,,,,"Open/closed signs, blade signs, A-frames, pole signs and a lightbox sign.",Order blank or add your logo at checkout. Shop the full Signee range online.,"Order blank, or add your logo at checkout and we apply it in vinyl before it ships.",Powdercoated aluminium built to hold up outdoors. Shop the full Signee range online.,Enabled
Signee Search AU,,,,,,,,,,Open Closed Sign,Enabled,,,,,,,,,,,,,,,,,,,,,,,,,,
Signee Search AU,,,,,,,,,,Open Closed Sign,,open closed sign,Phrase,,,,,,,,,,,,,,,,,,,,,,,,
Signee Search AU,,,,,,,,,,Open Closed Sign,,open closed sign,Exact,,,,,,,,,,,,,,,,,,,,,,,,
Signee Search AU,,,,,,,,,,Open Closed Sign,,open sign for shop window,Phrase,,,,,,,,,,,,,,,,,,,,,,,,
Signee Search AU,,,,,,,,,,Open Closed Sign,,open sign for shop window,Exact,,,,,,,,,,,,,,,,,,,,,,,,
Signee Search AU,,,,,,,,,,Open Closed Sign,,open closed sign for door,Phrase,,,,,,,,,,,,,,,,,,,,,,,,
Signee Search AU,,,,,,,,,,Open Closed Sign,,open closed sign for door,Exact,,,,,,,,,,,,,,,,,,,,,,,,
Signee Search AU,,,,,,,,,,Open Closed Sign,,shop window open closed sign,Phrase,,,,,,,,,,,,,,,,,,,,,,,,
Signee Search AU,,,,,,,,,,Open Closed Sign,,shop window open closed sign,Exact,,,,,,,,,,,,,,,,,,,,,,,,
Signee Search AU,,,,,,,,,,Open Closed Sign,,business open closed sign,Phrase,,,,,,,,,,,,,,,,,,,,,,,,
Signee Search AU,,,,,,,,,,Open Closed Sign,,business open closed sign,Exact,,,,,,,,,,,,,,,,,,,,,,,,
Signee Search AU,,,,,,,,,,Open Closed Sign,,,,Responsive search ad,https://signeesigns.com.au/products/henry,open-closed,,Henry Open/Closed Sign $119,Slide to Switch Open/Closed,"No Drilling, Tape Mount",Black or White Open Sign,Open/Closed Sign for Doors,Signee Business Signs,Powdercoated Aluminium Signs,Add Your Logo at Checkout,Order Blank or With Artwork,Free Shipping Australia-Wide,,,,,,Henry: powdercoated aluminium open/closed sign with a sliding panel.,"Mounts to glass doors, windows or walls with tape. No drilling needed.","Order blank, or add your logo at checkout and we apply it in vinyl before it ships.",Powdercoated aluminium built to hold up outdoors. Shop the full Signee range online.,Enabled
